node,score
1,0.21853275218062382
8,0.12170929756934712
10,0.11860620217228465
2,0.09631431326839854
3,0.0875403640399056
4,0.08538805052229956
9,0.08118829889019
7,0.07595093770294362
6,0.06478526322778996
5,0.049984520426217094
